{"type":"PlanScript","dependentArtifacts":null,"hpProvided":false,"category":null,"eTag":null,"created":null,"modified":null,"customAttributes":null,"planType":"capture","name":"User - Developer 1.0 - example UEFI generalization script - 2016-09-12","id":"30b5541a-7b81-4e7c-ac96-75dab3ab1436","state":null,"content":"# Example Image Streamer Plan Script for UEFI capture demo\n\n!echo \"File Systems in Golden Image:\"\nlist-filesystems\n\n!echo \"Mounting File Systems:\"\nmount /dev/sda1 /\n\n!echo \"Generalize message.txt content:\"\n\nupload -<<EOF /EFI/BOOT/message.txt\n\nUEFI loader message.txt has been generalized!\n\nEOF\n\numount /","description":"Example generalization script for example UEFI Golden Image. This script changes the loader message to remove personalization settings from the Golden Image being created.","status":null,"uri":null}