{"type":"PlanScript","dependentArtifacts":null,"hpProvided":true,"category":null,"eTag":null,"created":null,"modified":null,"customAttributes":null,"planType":"deploy","name":"HPE - Developer 1.0 - attempt or fail deployment  - 2016-09-12","id":"3f114620-f48d-42a6-8db6-c80a057d86c6","state":null,"content":"# This plan script may be used to test failure of OS deployment.\necho \"Attempt or Intentionally Fail OS Deployment as Requested.\"\n@DeploymentTesting:Fail_OS_Deployment@","description":"Attempt or intentionally fail OS deployment. Intentionally failing deployment is useful to aid rapid development of artifacts.","status":null,"uri":null}