{"type":"PlanScript","dependentArtifacts":null,"hpProvided":true,"category":null,"eTag":null,"created":null,"modified":null,"customAttributes":null,"planType":"deploy","name":"HPE - Developer 1.0 - add example messages to log - 2016-09-12","id":"792ed271-6817-4df4-b66d-9fbb30ed5fea","state":null,"content":"echo \"Example log messages:\"\necho \"    ExampleString: @ExampleString@\"\necho \"    ExampleConstrainedString: @ExampleConstrainedString@\"\necho \"    ExampleNumber: @ExampleNumber@\"\necho \"    ExampleOption: @ExampleOption@\"\necho \"    ExamplePassword: @ExamplePassword@\"\necho \"    ExampleIPv4Address: @ExampleIPv4Address@\"\necho \"    ExamplePassword: @ExamplePassword@\"\necho \"    ExampleFQDN: @ExampleFQDN@\"\necho \"Example NIC  configuration:\"\necho \"    ExampleNIC.mac: @ExampleNIC.mac@\"\necho \"    ExampleNIC.ipaddress: @ExampleNIC.ipaddress@\"\necho \"    ExampleNIC.netmask: @ExampleNIC.netmask@\"\necho \"    ExampleNIC.gateway: @ExampleNIC.gateway@\"\necho \"    ExampleNIC.dns1: @ExampleNIC.dns1@\"\necho \"    ExampleNIC.dns2: @ExampleNIC.dns2@\"\necho \"    ExampleNIC.domain: @ExampleNIC.domain@\"","description":"Add a example messages to the Image Streamer OS deployment log.","status":null,"uri":null}