{"type":"GoldenImage","dependentArtifacts":null,"osVolumeName":null,"osVolumeCategory":null,"buildPlanName":null,"buildPlanCategory":null,"imageCapture":false,"osVolumeURI":null,"buildPlanUri":null,"checkSum":null,"importedFromBundle":true,"bundleName":"HPE-ImageStreamer-Developer-2016-09-12","bundleURI":"/ci/data/i3s/artifactsbundle/cf38a5d9-dea9-4359-86e7-2906352e6f1b","artifactBundleCategory":"artifact-bundles","readOnly":false,"category":null,"created":null,"modified":null,"name":"HPE - Developer 1.0 - UEFI Test Image - v1.00","id":"7ad6763c-8f4c-45a3-83c3-2c453eb8e5b0","state":null,"size":0,"description":"HPE Golden Image for testing OS Deployment.\nThis Golden Image includes a UEFI System Partition and a GRUB loader having a simple configuration to show a message on the server console at boot.","status":null,"uri":null,"eTag":null}