{"type":"PlanScript","dependentArtifacts":null,"hpProvided":true,"category":null,"eTag":null,"created":null,"modified":null,"customAttributes":null,"planType":"deploy","name":"HPE - Foundation 1.0 - create empty OS Volume - 2016-09-12","id":"c1e23d14-6a14-45e7-b506-a50d3abea154","state":null,"content":"echo \"Create empty OS Volume of size @VolumeSize@\" MiB","description":"Create an empty OS Volume to be used as the target for OS install. After OS install, the OS Volume may be used to capture a new Golden Image.","status":null,"uri":null}