{"type":"PlanScript","dependentArtifacts":null,"hpProvided":true,"category":null,"eTag":null,"created":null,"modified":null,"customAttributes":null,"planType":"deploy","name":"HPE - Developer 1.0 - example UEFI personalization script - 2016-09-12","id":"ecd1fc48-eeb2-490d-bab2-c23eae6846ff","state":null,"content":"# Example Image Streamer Plan Script for UEFI deployment demo\n\n!echo \"File Systems in Golden Image:\"\nlist-filesystems\n\n!echo \"Mounting File Systems:\"\nmount /dev/sda1 /\n\n!echo \"Personalize message.txt content:\"\n\nupload -<<EOF /EFI/BOOT/message.txt\n\nUEFI loader message.txt has been personalized!\n\nExample attributes and values:\n    ExampleString1: @ExampleString1@\n    ExampleString2: @ExampleString2@\n    ExampleString3: @ExampleString3:Script Default@\n    ExampleString4: @ExampleString4:Initial Script Default@\n    ExampleNumber1: @ExampleNumber1@\n    ExampleNumber2: @ExampleNumber2:9999@\n    ExampleOption: @ExampleOption@\n    ExampleIPv4Address: @ExampleIPv4Address@\n    ExampleFQDN: @ExampleFQDN@\n    ExamplePassword: @ExamplePassword@\n\nEOF\n\numount /","description":"Example personalization script for example UEFI Golden Image. This script changes the loader message to include personalization settings from the OS deployment.","status":null,"uri":null}